variant,stage,process_count,footprint_mib
WebKit,idle,4,78.2
WebKit,small,4,113.7
WebKit,medium,4,180.6
WebKit,large,4,378.2
WebKit,very-large,4,918.3
AppKit,idle,1,34.1
AppKit,small,1,52.4
AppKit,medium,1,86.5
AppKit,large,1,208.8
AppKit,very-large,1,497.5
Fyne,idle,1,170.3
Fyne,small,1,184.7
Fyne,medium,1,201.5
Fyne,large,1,269.1
Fyne,very-large,1,429.2
Qt,idle,1,40.7
Qt,small,1,86.4
Qt,medium,1,146.7
Qt,large,1,350.5
Qt,very-large,1,1126.4
Gio,idle,1,103.0
Gio,small,1,117.9
Gio,medium,1,138.8
Gio,large,1,186.9
Gio,very-large,1,460.5
